{
  "waypoints": [],
  "obstacles": [
    [
      [
        20.72771673333333,
        -103.56679323333333
      ],
      [
        20.727730700000002,
        -103.56678856666667
      ],
      [
        20.727726333333333,
        -103.56677373333332
      ],
      [
        20.727710633333334,
        -103.56677883333332
      ]
    ],
    [
      [
        20.727670566666667,
        -103.56679163333331
      ],
      [
        20.727674166666667,
        -103.56680310000002
      ],
      [
        20.727663900000003,
        -103.56681153333332
      ],
      [
        20.727657699999998,
        -103.56679656666665
      ]
    ],
    [
      [
        20.72769226666666,
        -103.56685990000001
      ],
      [
        20.7276874,
        -103.56684983333335
      ],
      [
        20.727702533333332,
        -103.5668412
      ],
      [
        20.727707233333337,
        -103.56685283333334
      ]
    ]
  ],
  "servos": {
    "5": 1500,
    "6": 1500,
    "7": 1500,
    "8": 1500
  }
}